{
  "36":[105.606961721677,29.4228280270572],
  "29":[105.611180114102,29.4152181327699],
  "24":[105.586989212637,29.4066720232176],
  "28":[105.620241185347,29.4151516179232],
  "23":[105.598045810386,29.4083411121338],
  "25":[105.604026402969,29.4131051298685],
  "31":[105.597945558404,29.4176086765982],
  "52":[105.483345313239,29.441673752153],
  "51":[105.562013600158,29.4435951668594],
  "53":[105.496810210106,29.5103880388444],
  "54":[105.611954330944,29.4949570519253],
  "55":[105.3885915369,29.5206139122485],
  "14":[105.603736904509,29.3215354566976],
  "49":[105.700552879974,29.4269210612643]
}
